{
  "version": 5,
  "world": {
    "tick": 216,
    "rng": 144337818,
    "region": {
      "ports": [
        {
          "id": "p0",
          "name": "Velharrow",
          "archetype": "mining",
          "x": 0.26413115882639915,
          "y": 0.1894104158806631,
          "market": {
            "grain": {
              "equilibrium": 180,
              "stock": 83.37647526810922
            },
            "textiles": {
              "equilibrium": 100,
              "stock": 61.33134481404359
            },
            "aetherSalt": {
              "equilibrium": 200,
              "stock": 331.80954210385363
            },
            "electronics": {
              "equilibrium": 100,
              "stock": 75.01898918605013
            },
            "timber": {
              "equilibrium": 100,
              "stock": 78.43721215088671
            }
          },
          "priceBias": {
            "grain": 1.2594967989716679,
            "textiles": 1.1401510398753452,
            "aetherSalt": 0.774551050607115,
            "electronics": 1.1753611047752202,
            "timber": 0.9942389368778094
          }
        },
        {
          "id": "p1",
          "name": "Kruxhaven",
          "archetype": "urban",
          "x": 0.6846195717840153,
          "y": 0.07867398167892975,
          "market": {
            "grain": {
              "equilibrium": 300,
              "stock": 164.5685927417698
            },
            "textiles": {
              "equilibrium": 240,
              "stock": 399.6129145540165
            },
            "aetherSalt": {
              "equilibrium": 100,
              "stock": 73.1081383081143
            },
            "electronics": {
              "equilibrium": 100,
              "stock": 84.24664202267608
            },
            "timber": {
              "equilibrium": 100,
              "stock": 89.41800336622875
            }
          },
          "priceBias": {
            "grain": 1.2968468001368456,
            "textiles": 0.7780002893134952,
            "aetherSalt": 1.2065899629949126,
            "electronics": 1.2359524469822645,
            "timber": 1.238067427603528
          }
        },
        {
          "id": "p2",
          "name": "Palegate",
          "archetype": "verdant",
          "x": 0.25587015224705684,
          "y": 0.4461426194832613,
          "market": {
            "grain": {
              "equilibrium": 120,
              "stock": 38.77269256083447
            },
            "textiles": {
              "equilibrium": 100,
              "stock": 78.07535821511215
            },
            "aetherSalt": {
              "equilibrium": 100,
              "stock": 94.55657573906396
            },
            "electronics": {
              "equilibrium": 100,
              "stock": 91.42534216357812
            },
            "timber": {
              "equilibrium": 100,
              "stock": 149.2638380251222
            }
          },
          "priceBias": {
            "grain": 1.2380727469548582,
            "textiles": 1.1770350738521664,
            "aetherSalt": 1.0499323523603379,
            "electronics": 1.024723613099195,
            "timber": 0.7963485266454517
          }
        },
        {
          "id": "p3",
          "name": "Gildersey",
          "archetype": "industrial",
          "x": 0.5730062044224288,
          "y": 0.6645299186039747,
          "market": {
            "grain": {
              "equilibrium": 240,
              "stock": 129.40439907331466
            },
            "textiles": {
              "equilibrium": 100,
              "stock": 102.71650863811713
            },
            "aetherSalt": {
              "equilibrium": 100,
              "stock": 43.59130109232314
            },
            "electronics": {
              "equilibrium": 120,
              "stock": 194.1533731298639
            },
            "timber": {
              "equilibrium": 100,
              "stock": 97.2812251759494
            }
          },
          "priceBias": {
            "grain": 1.2961462337663396,
            "textiles": 1.017830054089427,
            "aetherSalt": 1.2807343962485902,
            "electronics": 0.8002398371882736,
            "timber": 1.096520483709173
          }
        },
        {
          "id": "p4",
          "name": "Saltmere",
          "archetype": "agrarian",
          "x": 0.7733557052830904,
          "y": 0.33363696808129456,
          "market": {
            "grain": {
              "equilibrium": 960,
              "stock": 1404.9861784726195
            },
            "textiles": {
              "equilibrium": 100,
              "stock": 78.85858105131598
            },
            "aetherSalt": {
              "equilibrium": 100,
              "stock": 78.54667892546901
            },
            "electronics": {
              "equilibrium": 100,
              "stock": 86.68117854236013
            },
            "timber": {
              "equilibrium": 100,
              "stock": 99.49604951306458
            }
          },
          "priceBias": {
            "grain": 0.7632407166808843,
            "textiles": 1.1982441863324493,
            "aetherSalt": 1.1148695392755323,
            "electronics": 1.1591322140477132,
            "timber": 0.9656839363044127
          }
        }
      ],
      "lanes": [
        {
          "id": "l0",
          "a": "p0",
          "b": "p1",
          "voyageTicks": 57
        },
        {
          "id": "l1",
          "a": "p0",
          "b": "p2",
          "voyageTicks": 33
        },
        {
          "id": "l2",
          "a": "p0",
          "b": "p4",
          "voyageTicks": 69
        },
        {
          "id": "l3",
          "a": "p1",
          "b": "p4",
          "voyageTicks": 35
        },
        {
          "id": "l4",
          "a": "p2",
          "b": "p3",
          "voyageTicks": 50
        },
        {
          "id": "l5",
          "a": "p3",
          "b": "p4",
          "voyageTicks": 50
        }
      ]
    },
    "company": {
      "thalers": 7158,
      "ships": [
        {
          "id": "s0",
          "name": "s0",
          "hold": 50,
          "cargo": {
            "grain": 5,
            "textiles": 0,
            "aetherSalt": 0,
            "electronics": 0,
            "timber": 0
          },
          "location": {
            "kind": "docked",
            "portId": "p0"
          }
        },
        {
          "id": "s1",
          "name": "Lumen Trader",
          "hold": 50,
          "cargo": {
            "grain": 0,
            "textiles": 0,
            "aetherSalt": 0,
            "electronics": 0,
            "timber": 0
          },
          "location": {
            "kind": "docked",
            "portId": "p0"
          }
        }
      ],
      "routes": [],
      "headquarters": {
        "portId": "p0"
      }
    },
    "priceSnapshots": {
      "p0": {
        "grain": 22.432041426840854,
        "textiles": 65.80524544579195,
        "aetherSalt": 31.791216093487286,
        "electronics": 218.7178196413059,
        "timber": 298.2216466214653
      },
      "p1": {
        "grain": 20.345548344285042,
        "textiles": 21.23090684295367,
        "aetherSalt": 91.56651073407274,
        "electronics": 210.8281370469028,
        "timber": 336.6011383634801
      },
      "p2": {
        "grain": 28.88934046801045,
        "textiles": 56.68444601441427,
        "aetherSalt": 65.6967319446018,
        "electronics": 164.3985781921238,
        "timber": 147.42707063559914
      },
      "p3": {
        "grain": 20.599214184768048,
        "textiles": 39.9029565096636,
        "aetherSalt": 143.23872608502018,
        "electronics": 83.6736387803994,
        "timber": 279.8562329901459
      },
      "p4": {
        "grain": 5.736023428571785,
        "textiles": 57.27546228236493,
        "aetherSalt": 80.17323905761045,
        "electronics": 193.54440853673213,